1, Hershel,Dudleston,PO Box 16459,hdudleston0@cornell.edu,65,70,351,Thu Nov 30 1899 00:00:00 GMT-0427 (hora de Venezuela)
2, Myrvyn,Jacquest,Room 1106,mjacquest1@wiley.com,76,99,7,Thu Nov 30 1899 00:00:00 GMT-0427 (hora de Venezuela)
3, Prentiss,Healks,Apt 923,phealks2@kickstarter.com,89,63,43,Thu Nov 30 1899 00:00:00 GMT-0427 (hora de Venezuela)
4, Willetta,Bevens,Suite 36,wbevens3@goodreads.com,41,33,387,Thu Nov 30 1899 00:00:00 GMT-0427 (hora de Venezuela)
5, Sergeant,Gummery,PO Box 61806,sgummery4@tripod.com,20,98,62,Thu Nov 30 1899 00:00:00 GMT-0427 (hora de Venezuela)
6, Boot,Sambidge,Suite 37,bsambidge5@sitemeter.com,41,67,998,Thu Nov 30 1899 00:00:00 GMT-0427 (hora de Venezuela)
7, Kaitlyn,Rait,Suite 57,krait6@opera.com,32,18,48,Thu Nov 30 1899 00:00:00 GMT-0427 (hora de Venezuela)
8, Hillier,O'Dreain,Suite 66,hodreain7@mozilla.com,10,74,86,Thu Nov 30 1899 00:00:00 GMT-0427 (hora de Venezuela)
9, Amery,Espadater,Room 669,aespadater8@indiatimes.com,23,58,62,Thu Nov 30 1899 00:00:00 GMT-0427 (hora de Venezuela)
10, Desiri,Keaveney,Suite 88,dkeaveney9@ustream.tv,8,99,62,Thu Nov 30 1899 00:00:00 GMT-0427 (hora de Venezuela)
11, Jorgan,Willcox,PO Box 81416,jwillcoxa@friendfeed.com,90,49,33,Thu Nov 30 1899 00:00:00 GMT-0427 (hora de Venezuela)
12, Sullivan,Thornham,Apt 1671,sthornhamb@sakura.ne.jp,41,33,1,Thu Nov 30 1899 00:00:00 GMT-0427 (hora de Venezuela)
13, Calley,Talby,Apt 547,ctalbyc@slashdot.org,46,45,46,Thu Nov 30 1899 00:00:00 GMT-0427 (hora de Venezuela)
14, Tate,Parrington,Room 1586,tparringtond@taobao.com,50,32,375,Thu Nov 30 1899 00:00:00 GMT-0427 (hora de Venezuela)
15, Van,Gossling,Apt 1036,vgosslinge@mapquest.com,22,69,57,Thu Nov 30 1899 00:00:00 GMT-0427 (hora de Venezuela)
16, Brnaba,Bigglestone,Room 148,bbigglestonef@umich.edu,3,41,230,Thu Nov 30 1899 00:00:00 GMT-0427 (hora de Venezuela)
17, Menard,Farrer,PO Box 45231,mfarrerg@mtv.com,56,69,63,Thu Nov 30 1899 00:00:00 GMT-0427 (hora de Venezuela)
18, Othella,Harmant,Suite 79,oharmanth@ezinearticles.com,45,100,880,Thu Nov 30 1899 00:00:00 GMT-0427 (hora de Venezuela)
19, Shermy,Bullon,16th Floor,sbulloni@stanford.edu,19,10,86,Thu Nov 30 1899 00:00:00 GMT-0427 (hora de Venezuela)
20, Gayel,Jermyn,Room 469,gjermynj@comcast.net,84,71,420,Thu Nov 30 1899 00:00:00 GMT-0427 (hora de Venezuela)
21, Perri,Huertas,Room 1968,phuertask@reference.com,67,75,7,Thu Nov 30 1899 00:00:00 GMT-0427 (hora de Venezuela)
22, Sam,Burdikin,1st Floor,sburdikinl@zdnet.com,28,83,82,Thu Nov 30 1899 00:00:00 GMT-0427 (hora de Venezuela)
23, Emmet,Irnys,Apt 1917,eirnysm@businesswire.com,55,15,351,Thu Nov 30 1899 00:00:00 GMT-0427 (hora de Venezuela)
24, Cordelie,Purshouse,Room 1090,cpurshousen@deliciousdays.com,100,56,234,Thu Nov 30 1899 00:00:00 GMT-0427 (hora de Venezuela)
25, Bartlet,Duffil,Apt 1113,bduffilo@cbsnews.com,80,12,86,Thu Nov 30 1899 00:00:00 GMT-0427 (hora de Venezuela)
26, Vale,Shortan,Apt 1863,vshortanp@eepurl.com,7,36,86,Thu Nov 30 1899 00:00:00 GMT-0427 (hora de Venezuela)
27, Boony,Potten,Suite 55,bpottenq@army.mil,48,84,351,Thu Nov 30 1899 00:00:00 GMT-0427 (hora de Venezuela)
28, Craig,Tunno,Room 883,ctunnor@princeton.edu,9,29,46,Thu Nov 30 1899 00:00:00 GMT-0427 (hora de Venezuela)
29, Fiona,Aindrais,Apt 517,faindraiss@studiopress.com,15,20,992,Thu Nov 30 1899 00:00:00 GMT-0427 (hora de Venezuela)
30, Lowrance,Royson,Room 1660,lroysont@ezinearticles.com,33,40,7,Thu Nov 30 1899 00:00:00 GMT-0427 (hora de Venezuela)
31, Nancey,Keems,Apt 453,nkeemsu@java.com,58,94,86,Thu Nov 30 1899 00:00:00 GMT-0427 (hora de Venezuela)
32, Kyrstin,Lawdham,Suite 53,klawdhamv@nhs.uk,85,31,48,Thu Nov 30 1899 00:00:00 GMT-0427 (hora de Venezuela)
33, Jammal,Bullion,Room 1093,jbullionw@telegraph.co.uk,89,18,1,Thu Nov 30 1899 00:00:00 GMT-0427 (hora de Venezuela)
34, Lexis,Krzysztofiak,Apt 1411,lkrzysztofiakx@alexa.com,28,85,64,Thu Nov 30 1899 00:00:00 GMT-0427 (hora de Venezuela)
35, Alecia,Dearlove,PO Box 43645,adearlovey@google.pl,48,61,86,Thu Nov 30 1899 00:00:00 GMT-0427 (hora de Venezuela)
36, Penny,Gauntlett,Room 962,pgauntlettz@rakuten.co.jp,28,86,234,Thu Nov 30 1899 00:00:00 GMT-0427 (hora de Venezuela)
37, Shanan,Cockney,Suite 40,scockney10@ebay.com,28,41,689,Thu Nov 30 1899 00:00:00 GMT-0427 (hora de Venezuela)
38, Shea,Waycott,Room 1627,swaycott11@elpais.com,23,92,1,Thu Nov 30 1899 00:00:00 GMT-0427 (hora de Venezuela)
39, Rivkah,Rosterne,Apt 270,rrosterne12@dagondesign.com,67,28,33,Thu Nov 30 1899 00:00:00 GMT-0427 (hora de Venezuela)
40, Dennie,Phant,14th Floor,dphant13@pcworld.com,97,25,353,Thu Nov 30 1899 00:00:00 GMT-0427 (hora de Venezuela)
41, Reeva,Fuggles,PO Box 46689,rfuggles14@usgs.gov,79,52,353,Thu Nov 30 1899 00:00:00 GMT-0427 (hora de Venezuela)
42, Keeley,Clemens,3rd Floor,kclemens15@state.gov,94,50,48,Thu Nov 30 1899 00:00:00 GMT-0427 (hora de Venezuela)
43, Anjanette,Empleton,PO Box 92076,aempleton16@mediafire.com,55,35,62,Thu Nov 30 1899 00:00:00 GMT-0427 (hora de Venezuela)
44, Merrill,Oswal,Room 1962,moswal17@parallels.com,5,26,81,Thu Nov 30 1899 00:00:00 GMT-0427 (hora de Venezuela)
45, Riordan,Ives,Suite 35,rives18@biglobe.ne.jp,71,29,86,Thu Nov 30 1899 00:00:00 GMT-0427 (hora de Venezuela)
46, Row,Elcocks,Room 1618,relcocks19@craigslist.org,80,64,261,Thu Nov 30 1899 00:00:00 GMT-0427 (hora de Venezuela)
47, Lawton,Kilroy,PO Box 56227,lkilroy1a@lycos.com,43,80,30,Thu Nov 30 1899 00:00:00 GMT-0427 (hora de Venezuela)
48, Cindra,Meachem,3rd Floor,cmeachem1b@mozilla.com,89,87,55,Thu Nov 30 1899 00:00:00 GMT-0427 (hora de Venezuela)
49, Katalin,Seyers,PO Box 67133,kseyers1c@buzzfeed.com,27,97,62,Thu Nov 30 1899 00:00:00 GMT-0427 (hora de Venezuela)
50, Dory,Vautrey,Room 1233,dvautrey1d@msn.com,29,33,86,Thu Nov 30 1899 00:00:00 GMT-0427 (hora de Venezuela)
